"student_id","item_id","response_text","max_score","lang"
1,"item_006","1.นำข้อมูลที่ได้ของนักเรียนไปวิเคราะห์และทำความเข้าใจเกี่ยวกับนักเรียน(จุดเด่นและจุดด้อย)เพื่อปรับปรุงและพัฒนาการเรียนการสอนให้เหมาะสมกับนักเรียนแต่ละคน ทำให้นักเรียนเกิดการเรียนรู้ได้มีคุณภาพมากที่สุด
2.เพราะทำให้ครูได้รับข้อมูลของนักเรียนแต่ละคนที่สามารถนำมาใช้ในการวิเคราะห์เพื่อแก้ไขปัญหาและพัฒนาผู้เรียนให้เรียนรู้ได้อย่างตรงจุดตามที่ตั้งเป้าหมายเอาไว้",9,"th"
2,"item_006","1.= ครูควรใช้ข้อมูลของนักเรียน เช่น คะแนนสอบ คะแนนความประพฤติ หรือผกิคะแนนกรรม เพื่อวิเคราะห์จุดแข็งและจุดอ่อนของนักเรียนแต่ละคน จากนั้นนำไปวางแผนการเรียนการสอนให้ตรงกับความต้องการของนักเรียน และช่วยให้นักเรียนพัฒนาตนเองได้ดีขึ้น
2.= เพราะการวัดผลแบบมีเป้าหมายจะช่วยให้ครูรู้ว่าต้องการพัฒนาอะไรในตัวนักเรียน และใช้ข้อมูลที่ได้จากการวัดผลนั้นมาปรับวิธีสอนให้เหมาะสม การวัดผลยังเป็นเครื่องมือที่ช่วยให้ติดตามความก้าวหน้า และวางแผนช่วยเหลือนักเรียนให้เรียนรู้ได้ดีขึ้นตามจุดประสงค์ที่ตั้งไว้",9,"th"
3,"item_006","1. ครูควรใช้ข้อมูลของนักเรียนเพื่อวิเคราะห์จุดแข็งและจุดอ่อนของแต่ละคน แล้วปรับวิธีการสอนให้เหมาะสมกับผู้เรียนแต่ละคน
2. เพราะการวัดผลแบบมีเป้าหมาย ช่วยให้ครูสามารถประเมินความก้าวหน้าของผู้เรียนได้อย่างแม่นยำ รู้ว่าควรเน้นจุดไหนเพิ่มเติมหรือลดเนื้อหาตรงไหน",9,"th"
4,"item_006","1.เพื่อที่จะนำขอมูลผู้เรียนไปออกแบบการเรียนรู้ให้เหมาะสมกับกลุ่มของผู้เรียน 

2.เพื่อที่เราจะได้คักแยกนักเรียนเป็นกลุ่มๆได้ ทำให้เราจัดการเรียนการสอนได้ตรงกับกลุ่มผู้เรียนแต่ละกลุ่มได้อย่างทั่วถึง",9,"th"
5,"item_006","1 ครูควรนำข้อมูลของนักเรียนไปวิเคราะห์ความต้องการหรือความหลากหลายของแต่ละบุคคลอย่างเช่นการวิเคราะห์พฤติกรรมของผู้เรียน เพื่อนำไปสู่การส่งเสริมการเรียนรู้ที่เหมาะสมกับนักเรียนแต่ล่ะบุคคลได้ และเพื่อเพิ่มประสิทธิภาพในการสอนที่มากขึ้นให้ตรงกับความต้องการของผู้เรียน
2 เพราะการวัดประเมินนั้นจะสามารถทำให้ครูได้รู้ถึงปัญหาว่านักเรียนยังขาดความเข้าใจในเรื่องของอะไรได้ พอรู้ถึงปัญหาหรือตัวแปรที่ทำให้นักเรียนได้คะแนนต่ำแล้วจะทำให้ครูสามารถช่วยเหลือแก้ไขให้กับนักเรียนได้อย่างถูกจุด 
เพราะฉนั้นการวัดประเมินแบบมีเป้าหมายจึงสำคัญ เพราะจะทำให้ครูได้เห็นถึงความพัฒนาหรือความเข้าใจของนักเรียนได้ว่าเรียนดีขึ้นหรือยังขาดตรงไหนที่ปรับปรุงได้อีก",9,"th"
6,"item_006","1.ครูควรใช้ข้อมูลของนักเรียนเพื่อ วิเคราะห์จุดแข็ง-จุดอ่อน ของแต่ละคน นำมาปรับการสอนให้เหมาะสมเฉพาะบุคคล และออกแบบกิจกรรมเสริมที่ตอบโจทย์ความต้องการของผู้เรียนแต่ละคน รวมถึงใช้ข้อมูลเพื่อ ติดตามความก้าวหน้า และวางแผนการช่วยเหลือในระยะยาว

2. การวัดผลแบบมีเป้าหมายช่วยให้ครูรู้ว่า “ทำไมจึงต้องประเมิน” และ “จะนำผลที่ได้ไปใช้ทำอะไรต่อ” เช่น วางแผนการสอนใหม่ ปรับกิจกรรมให้ตรงจุด หรือให้ความช่วยเหลือแบบเฉพาะเจาะจง ช่วยให้นักเรียนได้รับการสนับสนุนตรงกับความต้องการ และพัฒนาได้ตรงเป้า ทำให้การเรียนมีประสิทธิภาพมากขึ้น",9,"th"
7,"item_006","1) 1.1 เพื่อดูว่านักเรียนแต่ละคนมีปัญหาในการเรียนรู้ในเรื่องใดเพื่อทีจะได้แก้ไขปัญหานั้นได้ตรงจุดซึ่งจะนำไปสู่การช่วยเหลือและพัฒนาความรู้ความสามารถของนักเรียนคนนั้นๆได้อย่างตรงจุด ถูกต้องและเหมาะสม
1.2 เพื่อใช้ในการออกแบบการเรียนการสอน เมื่อครูรู้ข้อมูลของนักเรียนก็จะทำให้ครูสามารถออกแบบการเรียนการสอนให้เข้ากับนักเรียนในห้องเรียนได้อย่างเหมาะสม
2) 2.1 เพราะจะช่วยให้นักเรียนรู้ว่าต้องพัฒนาหรือแก้ไขปรับปรุงในจุดไหนที่ตนเองยังไม่เข้าใจ
2.2 สามารถแก้ไขได้ทันที การประเมินที่เกิดขึ้นระหว่างเรียน (Responsive Assessment) ทำให้นักเรียนได้รับคำแนะนำและแก้ไขข้อผิดพลาดได้ทันที ไม่ต้องรอจนจบบทเรียนหรือปลายภาค 
2.3 ทำให้ครูสอนได้ตรงจุด การประเมินจะบอกครูว่านักเรียนส่วนใหญ่เข้าใจหรือไม่เข้าใจอะไร ทำให้ครูสามารถปรับเปลี่ยนวิธีการสอน เนื้อหา หรือกิจกรรมให้เข้ากับความต้องการของนักเรียนได้",9,"th"
8,"item_006","1. นำข้อมูลของนักเรียนเช่น คะแนน ความสนใจ พฤติกรรม มาศึกษาวิเคราะห์เพื่อพัฒนา รูปแบบการสอนของตัวเอง และ ประเมินนักเรียนแต่ละคน ว่าควรจะสอนแบบไหนผลักดันเขาอย่างไรให้มีประสิทธิภาพมากที่สุด
2. การวัดผลแบบมีเป้าหมายช่วยให้ครูสามารถกำหนดทิศทางการเรียนรู้ได้อย่างชัดเจน และเลือกวิธีการประเมินที่เหมาะสมกับเป้าหมายได้อย่างชัดเจน สามารถวิเคราะห์ผลการเรียนรู้ได้แม่นยำขึ้น รวมทั้งช่วยแก้ปัญหาหรือส่งเสริมผู้เรียนแต่ละคนได้อย่างตรงจุด",9,"th"
9,"item_006","1 นำข้อมูลนักเรียนไปวิเคราะห์ความพร้อมในการเรียนและพฤติกรรมในการเรียนของแต่ละคน แล้วค่อยนำไปปรับกับกลยุทธ์การสอน วางแผนการเรียนการสอนให้เหมาะสมกับนักเรียนแต่ละคน

2 การวัดผลแบบมีเป้าหมายไม่ได้มีไว้เพื่อแค่ให้คะแนน แต่มันช่วยในการเข้าใจปัญหาจริงๆของนักเรียน การวัดผลแบบนี้ช่วยให้ครูออกแบบการสอนอย่างมีประสิทธิภาพ แล้วช่วยเหลือนักเรียนอย่างตรงจุดมากขึ้น",9,"th"
10,"item_006","1.เพื่อวิเคราะห์แล้วได้ออกมาเป็น insight และนำมาปรับกลยุทธ์การเรียนการสอน,ออกแบบการสนับสนุนเฉพาะบุคคล เพื่อให้นักเรียนพัฒนาอย่างเต็มที่
2.เพราะการที่เป้าหมายเราชัดเจนจะทำให้เรารู้ว่าเราวัดประเมินผลเพื่ออะไรแล้วได้อะไร และเข้าใจเหตุผลของปัญหาและวางแผนการช่วยเหลือนักเรียน",9,"th"
11,"item_006","1.เพื่อพัฒนาการเรียนการสอนภายในชั้น และสรุปผลการเรียนเรียนได้อย่างมีความแม่นยำ ทั้งนี้เพื่อประโยชน์แก่ตัวเรียนเอง หากมีข้อมูลได้ที่น่าสงสัยหรือต่ำกว่าเกณฑ์ครูจะสามารถแก้ไขได้ทัน
2.เพราะการวัดผลแบบมีเป้าหมายชัดเจรจะทำให้ครูทราบถึงปัญหาได้อย่างมากขึ้นและสามารถแก้ไขได้อย่างถูกต้อง นอกจากนี้ยังสามารถทำความเข้าใจกับนักเรียนได้อย่างตรงจุดและมีประสิทธิภาพ",9,"th"
12,"item_006","1.วิเคราะห์ และ ออกแบบแนวทางการจัดสอนเนื้อหาให้เหมาะสม และแก้ปัญหาของตัวผู้เรียนได้ตรงจุด
2.จะได้รู้ถึงเป้าหมายที่ต้องการในแต่ละบทเรียนว่าต้องการอะไร เช่น calculus ในบทนี้ต้องการให้รู้จักการ Diffและ Diff เป็น หากนักเรียนสามารถบรรลุเป้าหมายได้ตามที่ตั้งไว้ก็จะถือว่าประสบความสำเร็จ แต่ถ้าไม่บบรรลุ ก็จะได้รู้จุดที่ควรปรับปรุงและแก้ไข
",9,"th"
13,"item_006","1. เหตุผลที่ครูในยุคปัจจุบันควรใช้ข้อมูลของนักเรียนก็เพื่อนำมาวิเคราะห์และปรับการเรียนการสอนให้เหมาะสมกับนักเรียนแต่ละคนค่ะ ซึ่งข้อมูลเหล่านี้จะช่วยให้ครูรู้ว่านักเรียนคนไหนที่ต้องการความช่วยเหลือเพิ่มเติมหรือใครพร้อมแล้วที่จะเรียนรู้ขั้นต่อไป ซึ่งจะช่วยให้การสอนตรงจุดมากขึ้นค่ะ  
2. ที่การวัดผลนั้นสำคัญเพราะจะทำให้ครูเข้าใจจุดอ่อนและจุดแข็งของนักเรียนได้อย่างตรงจุดค่ะ  และครูก็จะสามารถวางแผนช่วยเหลือได้อย่างง่ายขึ้นซึ่งคิดว่าจะทำให้นักเรียนสามารถเรียนรู้ได้ดีขึ้นอีกด้วยค่ะ",9,"th"
14,"item_006","1.นำข้อมูลของนักเรียนไปปรับ การเรียนให้เข้ากับผู้เรียน ทำนายผลในอนาคตเพื่อแก้ปัญหาของนักเรียน
2.การวัดผลแบบมีเป้าหมายสำคัญต่อการช่วยนักเรียนให้เรียนดีขึ้น ประเมินความรู้จริงว่าผู้เรียนเข้าใจและไม่เป็นความเสี่ยง จะได้รีบแก้ไขปรับปรุง",9,"th"
15,"item_006","1.เพื่อเป็นการประเมินพื้นฐานของนักเรียน ให้ผู้สอนออกแบบสื่อการเรียนรู้และกิจกรรมที่เหมาะสมกับนักเรียนทุกคนด้วยข้อมูลที่ได้รับจากนักเรียน ทำให้มีประสิทธิภาพในการเรียนรู้ที่ทั่วถึง
2. การวัดผลแบบมีเป้าหมายช่วยให้ผู้สอนทราบถึงการเกิดปัญหาและวางแผนเชิงรุกได้อย่างแม่นยำส่วนนักเรียนสามารถเข้าใจเป้าหมายการเรียนรู้ ไม่ใช่เพียงแค่วัดผลสุดท้ายของการเรียน",9,"th"
16,"item_006","ข้อ 1 ตอบ
ครูในยุคนี้ต้องใช้ข้อมูลของนักเรียนให้มากกว่าแค่เอามาตัดสินว่าใครได้เกรดเท่าไหร่  แต่ควรใช้ข้อมูลเหล่านี้เป็นเหมือนแผนที่ที่ทำให้ครูรู้จักตัวตนของนักเรียนแต่ละคนได้ดีขึ้น ทั้งจุดแข็ง จุดอ่อน หรือปัญหาในการเรียนรู้ที่ซ่อนอยู่ พอมองเห็นภาพพวกนี้แล้ว ครูถึงจะสามารถออกแบบวิธีการสอนหรือกิจกรรมที่มันตรงกับความต้องการของนักเรียนแต่ละคนได้อย่างแท้จริง ทำให้การเรียนการสอนมีประสิทธิภาพมากขึ้น เหมือนราวกับว่าเป็นการสอนแบบตัวต่อตัวให้กับนักเรียน

ข้อ 2 ตอบ
การวัดผลแบบมีเป้าหมาย หรือ Intentional Assessment มีความสำคัญเป็นอย่างมาก เพราะมันไม่ใช่แค่การสอบ แต่มันคือการที่เราตั้งใจออกแบบการประเมินผลเพื่อ ""เก็บข้อมูล"" ที่เราต้องการที่จะทราบจริง ๆ ว่านักเรียนเข้าใจเรื่องอะไรแล้ว หรือยังไม่เข้าใจเรื่องอะไร  ซึ่งข้อมูลที่ได้จะกลายเป็นเหมือนคำตอบให้กับคำถามที่เราตั้งไว้ตั้งแต่แรก ทำให้ครูได้ข้อมูลที่เอาไปใช้ต่อได้จริงๆ เช่น ครูอาจจะอยากรู้ว่าทำไมนักเรียนถึงทำเรื่องนี้ไม่ได้ การวัดผลก็ควรออกแบบมาเพื่อตอบคำถามนี้โดยเฉพาะ ไม่ใช่แค่ให้คะแนนรวม ทำให้การช่วยเหลือหรือแก้ไขปัญหาการเรียนรู้ของนักเรียนเป็นไปอย่างตรงจุดและมีประสิทธิภาพมากขึ้น",9,"th"
17,"item_006","1.ใช้ในการวิเคราะห์ข้อมุลของนักเรียนแต่ละคน เพื่อนำไปปรับการเรียนการสอนให้สอดคล้องแต่ละบุคคล 
2.ทำให้เราทราบถึงปัญหาของนักเรียนแต่ละคน และนำไปแก้ไขในครั้งถัดๆไป",9,"th"
18,"item_006","1. ในระบบการศึกษาอันทันสมัย ครูควรจัดเก็บข้อมูลเกี่ยวกับนักเรียนเพื่อนำมาวิเคราะห์ความต้องการและปัญหาที่เกิดขึ้นกับนักเรียนแต่ละคนอย่างแท้จริง ซึ่งข้อมูลเหล่านี้ควรจะถูกนำมาใช้เพื่อการสอน, การวางกิจกรรมที่ตอบเฉพาะโจทย์ และการสนับสนุนที่จัดทำขึ้นเฉพาะบุคคล เนื่องจากอิงจากความพร้อมทำให้แต่ละนักเรียนมีโอกาสพัฒนาศักยภาพของตนได้อย่างเต็มที่ ในการคิด วิเคราะห์ วิจัย และเรียนรู้ด้านต่าง ๆ 

2. การวัดผลที่มีเป้าหมายมีความสำคัญต่อการพัฒนาศักยภาพนักเรียนให้เรียนดีขึ้น เพราะการไม่มุ่งเน้นการให้คะแนนหรือการจัดอันดับนักเรียนแต่เน้นการเก็บข้อมูลเพื่อตรวจสอบคะแนนในช่วงเวลาที่กำหนด หากมีการประเมินที่มุ่งวัดจุดแข็งและจุดอ่อน จะช่วยให้ครูสามารถวางแผนช่วยเหลือได้อย่างมีประสิทธิภาพและแนะนำได้อย่างมีประสิทธิภาพ และกรณีที่กล่าวมาข้างต้นผลการเรียนอนาคตจะดีขึ้น
",9,"th"
19,"item_006","1. ควรใช้ข้อมูลของนักเรียน มาวิเคราะห์ ออกแบบ ปรับวิธีการสอนให้เหมาะสมเฉพาะกับนักเรียนแต่ละคน สามารถทำให้ตา data driven classroom cycle คือ 
- intentional assessment คือเก็บข้อมูลและประเมินข้อมูล เช่น ผู้เรียนแก้ปัญหาโจทย์เลขไม่ได้
- data analysis & interpretation คือการวิเคราะห์ข้อมูลนั้น ๆ เช่น ปัจจัย สาเหตุที่ทำให้ผู้เรียนแก้โจทย์ไม่ได
- Implementation of instructional changes คือการออกแบบการจัดการเรียนรู้ เช่น ออกแบบวิธีการสอนที่ทำให้เด็กสามารถแก้โจทย์เลขได้ จสกนั้นจะวนกลับไปข้อ 1 คือประเมินหลังจากเด็กผ่านกระบวนการจัดการเรียนรู้
2. นำไปสู่การเข้าใจผู้เรียน เหตุ/ปัจจัยของปัญหาของผู้เรียน นำไปสู่การออกแบบการจัดการเรียนรู้ การวางแผนช่วยเหลือเชิงรุก (เด็กไม่จำเป็นต้องขอให้ครูช่วย ครูสามารถช่วยเหลือเด็กได้โดยใช้การประเมินเด็ก) เช่น การประเมินโดยให้เด็กทำโครงงาน ถ้าเป็นการประเมินทั่วไปจะทราบเพียงแค่ว่า เด็กได้คะแนนโครงงานต่ำ แต่ถ้าการวัดผลแบบมีเป้าหมายจะทำให้เข้าใจว่า ทำไมถึงได้คะแนนต่ำ อาจเกิดจาก ความพร้อมทางวิชาการ พฤติกรรมการเรียนรู้ พฤติกรรมการใช้ชีวิตทางสังคม ฯลฯ",9,"th"
20,"item_006","1. ครูในยุคปัจจุบันควรใช้ข้อมูลของนักเรียนไปทำอะไร
ครูควรใช้ข้อมูลของนักเรียนเพื่อดูว่าแต่ละคนมีจุดแข็งจุดอ่อนตรงไหน แล้วปรับวิธีสอนหรือออกแบบกิจกรรมให้เหมาะกับนักเรียนแต่ละคน เพื่อช่วยให้ทุกคนพัฒนาได้ดีขึ้น

2. ทำไมการวัดผลแบบมีเป้าหมายจึงสำคัญต่อการช่วยนักเรียนให้เรียนดีขึ้น
เพราะการวัดผลแบบมีเป้าหมายจะช่วยให้ครูรู้ว่าต้องเน้นหรือแก้ตรงไหน ทำให้การสอนตรงจุดมากขึ้น และนักเรียนก็มีโอกาสเข้าใจเนื้อหาได้ดีขึ้นด้วย
",9,"th"
21,"item_006","1.เพื่อนำมาทำความเข้าใจความแตกต่างของนักเรียนแต่ละคน เพื่อหาความสามารถที่ถนัดและไม่ถนัด เพื่อนำข้อมํลมาวางแผนการสอนให้เหมาะสม 2.เพราะสามารถช่วยให้ครูเข้าใจถึงปัญหาของนักเรียนได้และเพื่อจะทำให้วางแผนช่วยเหลือได้ตรงประเด็น",9,"th"
22,"item_006","1. ใช้ข้อมูลของนักเรียนในการประเมินผลทั้งด้านการเรียนและพฤติกรรม เช่น หากนักเรียนมีคะแนนไม่ถึงเกณฑ์ที่กำหนด ครูสามารถใช้ข้อมูลด้านความประพฤติ เช่น ความตั้งใจ ความมีวินัย หรือความพยายาม มาพิจารณาร่วมในการให้คะแนน เพื่อให้การประเมินมีความยุติธรรมและสะท้อนพัฒนาการของนักเรียน
2.เพราะการวัดผลแบบมีเป้าหมายช่วยให้ครูรู้ว่านักเรียนมีความเข้าใจหรือบรรลุผลตามที่ตั้งไว้หรือไม่ หากยังไม่ถึงเป้าหมาย ครูก็สามารถปรับวิธีการสอนหรือให้ความช่วยเหลือเพิ่มเติมได้ ทำให้นักเรียนมีโอกาสพัฒนาและเรียนรู้ได้ดีขึ้น",9,"th"
23,"item_006","1. ครูควรใช้ข้อมูลเหล่านั้นในการทำความเข้าใจผู้เรียนว่าผู้เรียนต้องการอะไร วิธีการเข้าใจของผู้เรียนเป็นแบบไหน และสิ่งใดที่ผู้เรียนต้องปรับปรุง เพื่อให้ครูนำไปปรับเนื้อหาและวิธีการสอนให้เหมาะสมกับผู้เรียนนั้น ๆ เพื่อก่อให้เกิดประสิทธิผลต่อผู้เรียน
2. เพื่อให้ผู้เรียนมีเป้าหมายที่ชัดเจนว่าสามารถพาตัวเองไปถึงได้ ซ้ำยังสามารถเป็นแรงบันดาลใจให้ผู้เรียนในการเดินทางไปถึงเป้าหมายที่ตั้งไว้ได้",9,"th"
24,"item_006","1. ตอบ เพื่อดูว่านักเรียนมีพัฒนาการหรือยังมีจุดอ่อนด้านใดบ้าง และสามารถช่วยเหลือได้ทันเวลา ปรับเนื้อหา วิธีการ หรือสื่อการสอนตามระดับความสามารถ ความถนัด หรือความสนใจของนักเรียนแต่ละคน
2.ตอบ  ทำให้ครูเข้าใจปัญหาเด็กและหาวิธีแก้ให้เด็กได้ถูกต้อง การวัดผลแสดงว่านักเรียนยังไม่บรรลุเป้าหมายบางข้อ ครูก็สามารถออกแบบการสอนซ้ำหรือเสริมเฉพาะจุดได้",9,"th"
25,"item_006","1.ควรใช้ข้อมูลของนักเรียนเพื่อวิเคราะห์ทำความเข้าใจถึงปัญหาความต้องการของนักเรียนแต่ละบุคคล จากนั้นนำข้อมูลมาใช้ในการพิจารณาออกแบบวิธีการเรียนการสอน ให้สอดคล้องและเหมาะสมกับนักเรียนแต่ละบุคคล
2. เพราะการวัดผลแบบมีเป้าหมายสามารถช่วยให้ครูทราบถึงการเก็บข้อมูลของนักเรียนเพื่อที่จะนำข้อมูลไปพิจารณาในการแก้ไขปัญหาของนักเรียน จุดประสงค์คือต้องการแก้ปัญหาให้ตรงจุด ในการวัดผลครูสามารถประเมินการแก้ปัญหา โดยสังเกตการเปลี่ยนแปลงในทางที่ดีขึ้นหรือน้อยลง หากการแก้ปัญหายังไม่ได้ผลหรือยังไม่ตรงจุดครูสามารถใช้ข้อมูลจากการวัดผลมาปรับปรุงพัฒนาวิธีการสอนการแก้ปัญหาให้ตรงจุดมากขึ้น",9,"th"
26,"item_006","1. เพื่อให้รู้จักนักเรียนแต่ละคนให้มากขึ้น เข้าใจปัญหาเฉพาะบุคคล  ออกแบบการสอนให้เหมาะสมให้มีประสิทธิภาพและตอบสนองความต้องการของนักเรียนมากขึ้น นำข้อมูลเชิงลึกที่ได้ไปใช้ในการออกแบบวิธีการช่วยเหลือ
2. ช่วยให้ครูรู้ว่าต้องเก็บข้อมูลอะไรการตั้งเป้าหมายจุดประสงค์ไว้ชัดเจนทำให้รู้ว่าต้องรวบรวมข้อมูลประเภทใดที่เหมาะสมในการแก้ปัญหาของนักเรียน การวัดผลแบบนี้จะทำให้ครูสามารถวิเคราะห์และเข้าใจปัญหาของนักเรียน การวัดผลสามารถช่วยให้ครูประเมินได้ว่าวิธีการช่วยเหลือที่นำไปใช้ได้ผลหรือไม่ หากผลลัพธ์ยังไม่ดีครูสามารถใช้ข้อมูลจากการวัดผลมาปรับปรุงและพัฒนาวิธีการสอนหรือการช่วยเหลือให้เหมาะสม",9,"th"
27,"item_006","1. ครูควรใช้ข้อมูลของนักเรียนไปวิเคราะห์เพื่อทำความเข้าใจจุดแข็งและจุดที่ต้องพัฒนา ปรับการสอนให้เหมาะกับความต้องการและศักยภาพของผู้เรียนแต่ละคน เพื่อให้เกิดการเรียนรู้อย่างมีประสิทธิภาพ

2. ช่วยให้ครูทราบว่าจะต้องเน้นการพัฒนาผู้เรียนในส่วนไหน เพื่อที่จะได้สามารถวางแผนการสอนหรือช่วยเหลือผู้เรียนได้ตรงจุด ทำให้นักเรียนมีโอกาสในการพัฒนาความสามารถได้จริง",9,"th"
28,"item_006","1. ควรนำข้อมูลเพื่อไปวิเคราะห์และแก้ปัญหาของนักเรียนที่กำลังพบเจอในรายวิชานั้น ๆ ปรับกลยุทธ์การสอน และออกแบบการสนับสนุนเฉพาะบุคคล  เพื่อพัฒนาศักยภาพ และช่วยให้นักเรียนเรียนรู้ได้มาต.อย่างเต็มที่
2. เพราะการวัดผลแบบมีเป้าหมายทำให้ รู้ว่ากำลังวัดอะไร เป้าหมายคืออะไร และจะนำไปใช้ประโยชน์อย่างไร เป็นการวัดแบบตรงจุด เน้นการเก็บข้อมูลเพื่อนำไป พัฒนาการสอน พัฒนาการเรียนรู้ของนักเรียนในส่วนที่เป็นปัญหาอย่างตรงจุด",9,"th"
29,"item_006","1. นำไปวิเคราะห์ความต้องการของแต่ละบุคคล เพื่อออกแบบการจัดการเรียนรู้เฉพาะบุคคลให้มีประสิทธิภาพ
2. ทำให้สามารถพัฒนานักเรียนแต่ละคนได้ตรงจุด เนื่องจากมีเป้าหมายแล้วก็จะทำให้วิเคราะห์ได้ว่าควรรวบรวมข้อมูลของนักเรียนในเรื่องอะไรบ้าง หรือปัญหาใดควรใช้ข้อมูลส่วนไหนมาเป็นตัวแปรในการวิเคราะห์แก้ปัญหา เพื่อที่จะพัฒนานักเรียนได้ทันท่วงที",9,"th"
30,"item_006","1.ใช้ในการพัฒนาทักษะความรู้ความสามารถของผู้เรียนให้ทันต่อ AI และสามารถใช้AIให้เกิดประโยชน์สูงสุดได้ในทางที่ถูกต้องเหมาะสม ใช้ในการออกแบบการสอนและติดตามผลลัพธ์ที่เกิดขึ้นเพื่อปรับรูปแบบการเรียนรู้ให้เหมาะสมกับผู้เรียนมากขึ้นและใช้ในการประเมินแนวโน้มผู้เรียนในแต่ละบทเรียนเพื่อนำไปปรับปรุงการสอนต่อไป
2.ทำให้รับรู้ได้ถึงสถานะของผู้เรียนอาจดูจากข้อมูลภาพรวม เช่น พฤติกรรมของผู้เรียนว่าส่งงานตรงเวลาหรือไม่ เข้าเรียนเป็นปกติหรือไม่ เพื่อนำมาปรับเปลี่ยนการเรียนรู้และช่วยเหลือผู้เรียนอย่างเต็มที่",9,"th"
31,"item_006","1. ใช้วิเคราะห์เพื่อทำนายสิ่งที่จะเกิดขึ้นและศึกษาสิ่งที่เกิดขึ้นแล้ว เพื่อให้สามารถเตรียมพร้อมและวางแผนพัฒนาการจัดการศึกษาและช่วยเหลือผู้เรียนอย่างมีประสิทธิภาพ ตามความต้องการและความถนัดที่หลากหลาย
2. ทำให้ผู้สอนเล็งเห็นถึงความสำคัญของการวัดผล การเก็บข้อมูลมีแนวทางและทิศทางที่ชัดเจนมากขึ้น ทำให้ได้รับข้อมูลที่เป็นประโยชน์และสามารถนำไปใช้งานเพื่อช่วยเหลือพัฒนาตัวผู้เรียนได้ดียิ่งขึ้น",9,"th"
32,"item_006","1.ครูควรใช้ข้อมูลของนักเรียนไปพิจารณา วิเคราะห์ร่วมกับการออกแบบการเรียนการสอน หรือการพัฒนา ทักษะ ความรู้และความสามารถของผู้เรียน ทำใหีส่งเสริมกระบวน หรือวิธีการเรียนรู้ของนักเรียนให้เกิดประสิทธิภาพและประสิทธิผลได้อย่างเต็มที่ นอกจากนี้ยังนำไปใช้ทำสถิติเพื่อเตรียมการล่วงหน้าในการเรียนการสอนในอนาคตได้อีกด้วย

2.เนื่องจากทำให้สามารถกำหนดของเขต วิธีการ หรือกระบวนการใด ๆ ที่นำไปสู่ผลลัพธ์ที่ต้องการได้ และทำให้ทราบถึงความเหมาะสมและประสิทธิภาพของวิธีการสอน หรือรูปแบบกิจกรรม ความรู้ที่คุณครูมอบให้ผู้เรียน การวัดผลแบบมีเป้าหมายจึงทำให้ผู้สอนทราบข้อมูลของการกระทำดังกล่าว",9,"th"
33,"item_006","1.ผู้เรียนแต่ละคนมีความหลากหลาย และแตกต่างดังนั้นครูในยุคปัจจุบันควรนำข้อมูลของนักเรียนไปใช้สำหรับการวางแผนการสอนให้เหมาะสมและตรงกับความต้องการของผู้เรียนแต่ละคน และนำไปช่วยเหลือให้นักเรียนสามารถพัฒนาศักยภาพของตัวเองได้อย่างเต็มที่

2.ทำให้ทราบเป้าหมายในการวัดผล ทราบว่าวัดเพื่ออะไร และนำผลที่ได้ไปต่อยอดยังไงต่อ ทำให้ครูสามารถวางแผนการสอนล่วงหน้าได้ และทราบว่าผู้เรียนคนใดต้องการความช่วยเหลือ และวัดผลว่าผู้เรียนมีความเข้าใจมากน้อยเพียงใด",9,"th"
34,"item_006","1. ครูในยุคปัจจุบัน ควรใช้ข้อมูลของนักเรียนที่มีนั้นไปปรับใช้ในการออกแบบการเรียนการสอนให้เข้ากับความสามารถหรือความสนใจของนักเรียนในแต่ละคน รวมทั้งยังสามารถให้การพัฒนา ช่วยเหลือ ในจุดที่นักเรียนคนนั้นนั้นบกพร่องไปได้

2.เนื่องจากเป็นการวัดผลที่จะได้เข้าใจในข้อมูลเชิงลึกของผู้เรียน ไม่ใช่เเค่การวัดผลที่ผลลัพธ์สุดท้ายของผู้เรียน ทำให้สามารถเข้าใจปัญหาที่แท้จริงของผู้เรียนได้",9,"th"
35,"item_006","1.) ครูควรนำข้อมูลของนักเรียนที่มีอยู่ไปใช้เพื่อวิเคราะห์หาปัจจัยที่ส่งผลต่อผลการประเมินของนักเรียนรายบุคคล จากนั้นจึงค่อยนำข้อมูลดังกล่าวมาใช้ปรับเปลี่ยนแผนการจัดการสอนให้ตรงกับความต้องการและความสามารถของนักเรียนมากขึ้น
2.) การวัดผลอย่างมีเป้าหมายจะช่วยให้ครูสามารถเก็บข้อมูลที่ต้องการเกี่ยวกับนักเรียนได้อย่างตรงจุดและมีประสิทธิภาพ โดยข้อมูลที่ได้สามารถนำไปวิเคราะห์เพื่อวางแผนการสอนในอนาคตให้พัฒนานักเรียนได้เหมาะสม และทำให้การสอนตอบสนองต่อความต้องการของนักเรียนได้ดียิ่งขึ้น",9,"th"
36,"item_006","1. เพื่อวิเคราะห์และทำความเข้าใจในตัวผู้เรียนแต่ละคนอย่างลึกซึ้งค่ะ ตัวอย่างเช่น มีจุดแข็งอะไร มีจุดอ่อนอะไร มีความสนใจอะไร หรือปัญหาที่คาดว่าอาจจะเกิดขึ้น โดยจะนำข้อมูลเหล่านี้ไป ปรับใช้ เพื่อที่จะหาวิธีการสอนให้เหมาะสมกับผู้เรียนแต่ละคน เช่น การออกแบบบหรือจัดกิจกรรมเฉพาะกลุ่ม โดย การให้คำแนะนำตามรายบุคคลหรือจะติดตามในส่วนของพัฒนาการของผู้เรียนนั้นอย่างต่อเนื่อง 
โดยข้อมูลยังสามารถช่วยในการวางแผนการสอนได้อย่างเป็นระบบ สามารถตัดสินใจโดยมีหลักฐาน และลดการคาดเดาที่อาจจะมีการคลาดเคลื่อนได้ ทำให้การสอนนั้นจะมีประสิทธิภาพมากขึ้น และตอบสนองต่อความต้องการของผู้เรียนได้จริงค่ะ
2. ก็คือการที่ออกแบบการประเมินอย่างตั้งใจ มีจุดประสงค์ชัดเจน ว่าต้องการวัดอะไรจากผู้เรียน ไม่ใช่แค่จะวัดเพื่อให้คะแนนหรือจัดอันดับว่าใครเก่งกว่าใครหรือใครได้มากกว่า  เพราะการประเมินที่มีเป้าหมายแบบนี้นั้น จะช่วยให้รู้ว่า นักเรียนนั้นเข้าใจหรือยังไม่เข้าใจตรงไหน ควรปรับการสอนยังไงให้ดีขึ้น แล้วแต่ละคนควรได้รับการช่วยเหลือหรือสนบสนุน ส่งเสริมเรื่องไหนเป็นพิเศษบ้าง และที่สำคัญตัวผู้เรียนเองก็จะรู้ว่าตัวเองเรียนเพื่ออะไร จะได้ตั้งเป้าหมายของตัวเองได้ชัดขึ้นยิ่งขึ้น รู้ว่าต้องพัฒนาเรื่องไหนเพิ่มอีก และจะเรียนอย่างมีความรับผิดชอบมากขึ้น
เพราะฉะนั้นการวัดผลแบบมีเป้าหมายเลยกลายเป็นเครื่องมือที่สำคัญมากในการช่วยให้นักเรียนเรียนดีขึ้นได้จริงๆนั้นเองค่ะ",9,"th"
37,"item_006","1.ครูควรใช้ข้อมูลของนักเรียนไปวิเคราะห์ ปรับกลยุทธ์การสอน ออกแบบการสอนหรือให้ความช่วยเหลือเฉพาะบุคคล เพื่อพัฒนาการเรียนรู้ของผู้เรียน และใช้ข้อมูลของนักเรียนไปวัดและประเมินผลความรู้ความเข้าใจของนักเรียน เพื่อวางแผนและแก้ปัญหาที่เกิดขึ้นกับนักเรียนได้ตรงจุด

2.เพราะการวัดผลแบบมีเป้าหมายเป็นการติดตามดูผลการเรียนรู้ของนักเรียนอย่างต่อเนื่องเป็นระยะ โดยมี 3 ระยะ คือ 1) Predictive เป็นการทำนายความเสี่ยงที่อาจเกิดขึ้นกับผู้เรียน 2) Responsive เป็นการวัดสภาพการเรียนรู้ของนักเรียนระหว่างการเรียน เพื่อแก้ปัญหาที่เกิดขึ้นในระหว่างเรียนได้ทันท่วงที  3) Summative เป็นการประเมินผลการเรียนรู้หลังเรียนและนำไปปรับปรุง",9,"th"
38,"item_006","1.เพื่อให้ครูสามารถให้ความช่วยเหลือเเละนำข้อมูลไปปรับปรุงพัฒนาการสอนได้
2.เพราะเมื่อมีเป้าหมายชัดเจน คำตอบที่ต้แงการมาจะมีความชัดเจนเเละไม่ครุมเครือ ซึ่งสามารถนำข้อมูลเหล่านั้นไปพัฒนานักเรียนต่อได้",9,"th"
39,"item_006","1. ครูในยุคปัจจุบันควรใช้ข้อมูลของนักเรียนในการนำมาวิเคราะห์เพื่อนำไปปรับปรุงการสอนและออกแบบการเรียนการสอนเผื่อสนับสนุนและช่วยพัฒนาช่วยเหลือนักเรียนแต่ละคนภายในห้องเรียน
2. การวัดประเมินผลแบบมีเป้าหมายมีความสำคัญเนื่องจากข้อมูลที่ได้ออกมานั้นมีความเฉพาะเจาะจงมากขึ้นตามเป้าหมายหรือวัตถุประสงค์ที่ตั้งไว้อย่างชัดเจอในตอนแรกสามารถเอาข้อมูลที่ได้มาวิเคราะห์ต่อเพื่อวางแผนการช่วงเหลือเชิงรุกได้อย่างแม่นยำและมีประสิทธิภาพ",9,"th"
40,"item_006","ควรใช้ข้อมูลเพื่อนำไปสรุปผลการเรียนการสอน ปรับเปลี่ยนวิธีการตามเด็กแต่ละคนเพื่อนำไปต่อยอดต่อไปในอนาคตในการพัฒนาการสอนของตนเองและสั่งสอนนักเรียน โดยสามารถใช้ในการวัดประเมินผลเพื่อช่วยเข้าใจนักเรียน โดยนักเรียนจะได้รับความรู้ที่มีความเฉพาะเจาะจงมาขึ้นตามความต้องการและศักยภาพ และการเรียนรู้ที่แตกต่างดันไปตามเด็กแต่ละคน

การวัดผลแบบมีเป้าหมายคือการกระตุ้นให้มีการตื่นตัวในการพัฒนาการเรียนรู้มากขึ้น โดยจะต้องมีการติดตามผลลัพธ์จากผู้เรียนในอนาคตด้วยว่าบรรลุตามวัตถุประสงค์ในระยะยาวหรือไม่",9,"th"
41,"item_006","1.ครูในยุคปัจจุบันควรนำข้อมูลของนักเรียนไปใช้เพื่อปรับปรุงแนวทางการจัดการเรียนการสอน ให้มีประสิทธิภาพมากขึ้น
2.การวัดผลแบบมีเป้าหมายเป็นส่วนสำคัญที่ช่วยให้ผู้เรียน เรียนได้ดีขึ้น เพราะจะช่วยให้ผู้สอนสามารถเห็นภาพในประเด็นที่สนใจได้ชัดเจน โดยไม่มีสิ่งรบกวนหรือปัจจัยที่ไม่เกี่ยวข้องและสามารถจัดการเรียนการสอนที่ตรงตามความคาดหวังของผู้สอน",9,"th"
42,"item_006","1. ประเมินและปรับปรุงการเรียนการสอนรายบุคคลให้ผู้เรียน โดยเลือกข้อมูลที่เกี่ยวข้องและจำเป็นต้องใช้จริงเท่านั้น เพื่อทำความเข้าใจสภาพของผู้เรียนในมิติต่าง ๆ และเจาะจุดที่นักเรียนต้องพัฒนาทั้งจุดเด่นและจุดด้อยอย่างมีเป้าหมาย เพื่อให้แก้ปัญหาได้อย่างตรงจุด และมีประสิทธิภาพ ทำนายสิ่งที่อาจจะเกิดขึ้น และเก็บข้อมูลเป็นระยะ เพื่อค่อย ๆ พัฒนาโดยอาจอ้างอิงจากสถิติ หรือประสบการณ์ที่ผ่านมาที่เคยเกิดขึ้น ไม่ใช่การนำข้อมูลมาตัดสินเด็กในเชิงลบ หรือเชื่อว่าคงเป็นอย่างที่ผ่านมาไม่มีทางแก้ไขได้

2. เพราะเมื่อมีเป้าหมายจะทำให้สามารถป้องกัน หลีกเลี่ยง และสามารถแก้ไขปัญหาที่เคยเกิดขึ้นให้เป็นไปในทางที่ดีขึ้นได้ไปถึงรายบุคคล วิธีการสอนแบบเดียวไม่สามารถทำให้นักเรียนทุกคนเข้าใจในรูปแบบเดียวกันได้ เนื่องจากความแตกต่างระหว่างบุคคล ความรู้ ความพร้อมทางวิชาการ และเวลาในการเรียนรู้ทำความเข้าใจที่ไม่เท่ากัน แต่ประสบการณ์และการปรับปรุงการเรียนการสอนที่ยืดหยุ่นของครูผู้สอน และความร่วมมือของนักเรียนจะช่วยให้สนับสนุนนักเรียนให้สามารถเรียนได้ดีขึ้นได้",9,"th"
43,"item_006","คำตอบ ข้อ 1.ครูควรใช้ข้อมูลของนักเรียนไปใช้ในการคิด วิเคราะห์ และสร้างความเข้าใจเกี่ยวกับความสามารถของผู้เรียน หรือปัญหาของผู้เรียนแต่ละคน แล้วนำข้อมูลที่ได้เหล่านั้นมาปรับปรุงและประยุกต์ใช้ในแผนการสอน การออกแบบกิจกรรม หรือแบบฝึกหัดต่างๆ ที่เหมาะสมกับการเรียนรู้ของแต่ละคน เช่น  -เด็กบางคนไม่ชอบการบรรยายให้ฟัง ก็เปลี่ยนมาใช้วิดีโอ หรือหนังมาเป็นสื่อการสอนแทน
-เด็กเรียนรู้ช้า เพราะสมาธิสั้นไม่สามารถจดจ่อได้นานๆ ก็ปรับให้มีกิจกรรมเกี่ยวกับเนื้อหาการเรียนที่สามารถขยับได้ เดินได้ เพื่อกระตุ้นความสนใจในการเรียน
-เด็กบางคนชอบเรียนอย่างเงียบๆ สงบๆ ก็ปรับที่นั่งให้เด็กที่เป็นคนพูดน้อย ตั้งใจเรียนเหมือนกันมานั่งด้วยกัน 
-เด็กบางคนไม่ชอบทำการบ้าน ก็ปรับมาเป็นการให้สรุปเนื้อหาที่ได้เรียนเป็นแผนผังความคิดเพื่อวัดระดับความใจในเนื้อหาแทนการบ้านในบางครั้ง
-เด็กบางคนขี้อายไม่กล้านำเสนอหน้าชั้นเรียน ก็ปรับมาเป็นการอัดคลิปวิดีโอส่งในช่องทางส่วนตัว เช่น google classroom แทน เป็นต้น และติดตามผลพัฒนาการการเปลี่ยนแปลงของผู้เรียนอย่างต่อเนื่อง เพื่อที่จะยกระดับศักยภาพของผู้เรียนแต่ละคนอย่างแท้จริง และสามารถช่วยเหลือผู้เรียนที่มีปัญหาได้อย่างตรงจุดตามความต้องการของแต่ละบุคคล

คำตอบ ข้อ 2.เพราะไม่ใช่เพียงแค่การวัดผลเฉยๆหลังเรียนเสร็จ หรือแค่เพียงวัดผลเพื่อเก็บเป็นคะแนนไปคิดเกรด แต่เป็นการวัดผลการเรียนรู้ที่มีการออกแบบเป้าหมายที่ชัดเจน เพื่อที่จะได้ข้อมูลนำไปสู่การปรับเปลี่ยนการเรียนรู้ให้เหมาะสมกับนักเรียนแต่ละคน เช่น
-ช่วยให้ครูเข้าใจว่าผู้เรียนแต่ละคนมีความสามารถทางวิชาการมากน้อยเพียงใด จึงสามารถส่งเสริมนักเรียนไปแข่งขันในด้านที่นักเรียนถนัด
-ช่วยให้ครูรู้ว่านักเรียนมีจุดเด่น จุดด้อยอะไร จะได้พัฒนาได้ตรงจุด
-ช่วยให้ครูรู้ว่านักเรียนมีพัฒนาการความก้าวหน้าทางการเรียนรู้มากขึ้นหรือน้อยลง เพื่อจะสามารถนำข้อมูลนั้นมาวิเคราะห์ว่าต้องเปลี่ยนวิธีการสอน หรือออกแบบกิจกรรมการเรียนใหม่หรือไม่ เพื่อให้นักเรียนสามารถผ่านตัวชี้วัดระหว่างทางได้
-เมื่อนักเรียนสามารถเข้าใจเนื้อหาการเรียนแล้ว มีเป้าหมายที่ชัดเจน จึงเป็นการกระตุ้นให้นักเรียนมีความกระตือรือร้นและสนุกในการเรียนรู้
-ช่วยให้นักเรียนเห็นพัฒนาการของตนเอง และสามารถที่จะมุ่งมั่นพัฒนาความสามารถนั้นได้อย่างเต็มที่
ดังนั้น การวัดผลแบบมีเป้าหมายจึงเป็นส่วนสำคัญในการช่วยนักเรียนให้เรียนดีขึ้น เพราะช่วยให้นักเรียนได้มีความเข้าใจที่ชัดเจนเกี่ยวกับพัฒนาการการเรียนรู้ และสามารถติดตามประเมินผลความก้าวหน้าด้านการเรียนของตนเองได้ และช่วยให้ครูและนักเรียนร่วมกันสร้างการเรียนรู้ที่มีประสิทธิภาพมากขึ้น",9,"th"
44,"item_006","1. ครูในยุคปัจจุบันควรใช้ข้อมูลของนักเรียนตามวัตถุประสงค์ที่ก่อให้เกิดคุณค่าต่อตัวนักเรียนมากที่สุด โดยการหาข้อมูลเพื่อให้ได้ insight จากนั้นวิเคราะห์ ปรับกลยุทธ์ในการสอน รวมทั้งออกแบบการดูแลและสนับสนุนผู้เรียนเฉพาะบุคคล เพื่อให้เกิดประสิทธิภาพในการเรียนรู้อย่างเป็นระบบและต่อเนื่องตลอดชีวิต ส่งผลระยะยาวต่อการประสบความสำเร็จในอนาคตของนักเรียนอีกด้วย
2. การวัดผลแบบมีเป้าหมายมีความสำคัญในการช่วยให้นักเรียนมีผลการเรียนดีขึ้น เพราะการมีเป้าหมายที่ชัดเจนจะนำไปสู่การวิเคราะห์สาเหตุของปัญหาในเรื่องนั้นๆ เพื่อวางแผนช่วยเหลือและสนับสนุนผู้เรียนได้อย่างแม่นยำและเกิดประสิทธิภาพมากที่สุด",9,"th"
45,"item_006","1. ควรใช้ข้อมูลของนักเรียนในการช่วงวิเคราะห์หาจุดเด่น จุดด้อยของนักเรียน ลักษณะนิสัย รวมถึงความสามารถในการเรียนรู้ของแต่ละบุคคลเพื่อ ออกแบบการเรียนการสอนที่เหมาะสมมากที่สุด
2.เพราะจะได้มีแนวทางที่ชัดเจน บรรลุเป้าหมายในการวิเคราะห์และพัฒนาได้ง่ายยิ่งขึ้น",9,"th"
46,"item_006","1.ใช้เรียนรู้และวิเคราะห์ผู้เรียนเพื่อออกแบบและปรับปรุงการสอนให้เหมาะสมต่อผู้เรียน

2.เพราะมีเป้าหมายชัดเจน ช่วยให้นำข้อมูลการวัดผลไปใช้ในการออกแบบการช่วยเหลือนักเรียนได้ตรงจุดและมีประสิทธิภาพ",9,"th"
47,"item_006","1. ครูในยุคปัจจุบันควรนำข้อมูลของผู้เรียน เช่น ผลการสอบ คะแนนระหว่างภาค การมีส่วนร่วมกิจกรรมในชั้นเรียน ความสนใจส่วนบุคคล มาวิเคราะห์จุดแข็งและจุดที่ต้องพัฒนาของผู้เรียนรายบุคคล และใช้ข้อมูลดังกล่าวในการปรับรูปแบบการสอนและกิจกรรมการเรียนรู้ให้สอดคล้องกับความต้องการเฉพาะของผู้เรียนแต่ละคน ซึ่งช่วยให้ครูสามารถติดตามการพัฒนาของผู้เรียนได้อย่างต่อเนื่อง และสามารถสนับสนุนหรือช่วยเหลือผู้เรียนได้ทันท่วงที ส่งผลให้ผู้เรียนแต่ละคนมีโอกาสพัฒนาศักยภาพได้เต็มที่
2. การวัดผลแบบมีเป้าหมาย มีความสำคัญต่อการช่วยนักเรียนให้ดีขึ้นเพราะช่วยให้ครูได้ข้อมูลเชิงลึกที่ใช้ปรับการสอนและพัฒนาเฉพาะบุคคลอย่างตรงจุด ครอบคลุมทั้งการประเมินเพื่อคาดการณ์ความพร้อม (Predictive) การติดตามและปรับระหว่างเรียน (Responsive) และการสรุปผลเมื่อสิ้นสุดการเรียน (Summative) ทำให้ผู้เรียนได้รับการสนับสนุนตามศักยภาพของแต่ละบุคคลและพัฒนาผลสัมฤทธิ์ได้อย่างมีประสิทธิภาพ",9,"th"
48,"item_006","1.ใช้เป็นฐานเพื่อปรับวิธีการสอน การออกแบบกิจกรรมในชั้นเรียน และทำความเข้าใจถึงความแตกต่างของนักเรียนแต่ละคนที่มีความถนัดไม่เหมือนกัน รวมถึงการปรับปรุงและแก้ไขวิธีสอนให้เข้ากับนักเรียนอยู่เสมอเพื่อความมีประสิทธิภาพในการสอนของครู

2.เพราะการวัดผลแบบมีเป้าหมายช่วยให้เก็บข้อมูลที่เฉพาะเจาะจงตามที่ครูต้องการเพื่อจะนำไปวิเคราะห์และแก้ปัญหาของผู้เรียนและช่วยให้ครูสามารถนำไปปรับปรุงการสอนได้ และก็กลับไปวัดผลอีกครั้งเพื่อดูว่าบรรลุเป้าหมายตามที่วางไว้หรือไม่ ถ้าไม่ดีขึ้นก็จะหาจุดแก้ไขได้",9,"th"
49,"item_006","1.นำข้อมูลที่ได้มาวิเคราะห์นักเรียน ปรับรูปแบบการเรียนการสอนให้เหมาะสมกับนักเรียน  เพื่อให้นักเรียนพัฒนาความรู้ได้อย่างเต็มที่
2.เพราะทำให้รู้ปัญหาที่ชัดเจนเฉพาะเจาะจง ไม่ใช่แค่การวัดประเมินผลตอนสุดท้ายของนักเรียน ข้อมูลที่ได้มาสามรถออกแบบและแก้ไขการเรียนการสอนได้ถูกจุดทำให้นักเรียนสามารถเรียนรู้ได้ดีขึ้นเนื่องจากทราบปัจจัยของปัญหาที่เกิดขึ้น",9,"th"
50,"item_006","1.) คุณครูควรนำข้อมูลของนักเรียน เช่น ผลการเรียนของนักเรียน พฤติกรรมการเรียนรู้ในห้องเรียน ความสนใจ และคะแนนของแต่ละกิจกรรม มาใช้ในการวิเคราะห์วางแผนจัดการเรียนการสอนให้เหมาะสมกับนักเรียนแต่ละคน ปรับวิธีการสอนให้ตรงจุด เสริมจุดแข็ง และต้องติดตามความคืบหน้าของนักเรียนทุกคนอย่างสม่ำเสมอ ข้อมูลของนักเรียนแต่ละคนยังทำให้ครูสามารถตัดสินใจได้ดีมากขึ้น ในการเลือกใช้สื่อการสอน การจัดกิจกรรมเสริม หรือการให้คำแนะนำกับนักเรียนแต่ละคน เพื่อให้นักเรียนทุกคนได้รับความรู้อย่างครบถ้วนสมบูรณ์ และสามารถนำความรู้ไปต่อยอดในอนาคตได้ 

2.) การวัดผลแบบมีเป้าหมายมีความสำคัญมาก เพราะเมื่อครูเห็นผลที่ได้ออกมาของนักเรียนแต่ละคนแล้วครูก็จะสามารถตอบสนองความต้องการของนักเรียนทุกคนได้ทันเวลา  เพราะเป็นการประเมินที่มีจุดมุ่งหมายที่ชัดเจน ใช้วัดในสิ่งที่ต้องการรู้เพื่อนำผลไปปรับปรุงการเรียนการสอนให้ดีมากยิ่งขึ้น ผลที่ได้ออกมาเป็นสิ่งที่สำคัญมาก เป็นข้อมูลเชิงลึก เพราะสามารถสะท้อนถึงความเข้าใจบทเรียนของนักเรียนมากน้อยเพียงใด เข้าใจจริงหรือไม่ สามารถบอกได้ว่านักเรียนติดปัญหาตรงไหน และต้องการความช่วยเหลือในเรื่องใด ข้อมูลเหล่านี้จะช่วยให้ครูจัดการเรียนให้เหมาะสมกับนักเรียนแต่ละคนได้และจะทำให้นักเรียนเรียนได้ดีมากขึ้น มีประสิทธิภาพมากยิ่งขึ้น",9,"th"
